AAAA, 37158
AAAC, 39470
AAAT, 39717
AAAG, 37147
AACA, 41532
AACC, 38994
AACT, 40150
AACG, 41017
AATA, 39536
AATC, 41051
AATT, 39938
AATG, 38393
AAGA, 38446
AAGC, 36075
AAGT, 37060
AAGG, 39379
ACAA, 41338
ACAC, 39949
ACAT, 38506
ACAG, 39173
ACCA, 36065
ACCC, 36999
ACCT, 39508
ACCG, 38322
ACTA, 39941
ACTC, 39631
ACTT, 37030
ACTG, 36952
ACGA, 39057
ACGC, 39968
ACGT, 41379
ACGG, 41279
ATAA, 39495
ATAC, 37179
ATAT, 37075
ATAG, 39787
ATCA, 39974
ATCC, 41202
ATCT, 41045
ATCG, 39279
ATTA, 39565
ATTC, 38566
ATTT, 39363
ATTG, 41705
ATGA, 37034
ATGC, 39408
ATGT, 38053
ATGG, 36302
AGAA, 38575
AGAC, 39359
AGAT, 41354
AGAG, 39724
AGCA, 39267
AGCC, 38481
AGCT, 36219
AGCG, 36928
AGTA, 37058
AGTC, 37188
AGTT, 39607
AGTG, 39559
AGGA, 41012
AGGC, 41355
AGGT, 39176
AGGG, 39979
CAAA, 39969
CAAC, 41001
CAAT, 41343
CAAG, 39176
CACA, 39703
CACC, 38570
CACT, 39365
CACG, 41339
CATA, 36936
CATC, 39298
CATT, 38483
CATG, 36200
CAGA, 39555
CAGC, 37023
CAGT, 37187
CAGG, 39594
CCAA, 39380
CCAC, 38451
CCAT, 36084
CCAG, 37014
CCCA, 37132
CCCC, 37148
CCCT, 39489
CCCG, 39712
CCTA, 41009
CCTC, 41555
CCTT, 38988
CCTG, 40160
CCGA, 38413
CCGC, 39511
CCGT, 41041
CCGG, 39944
CTAA, 41259
CTAC, 39066
CTAT, 39987
CTAG, 41407
CTCA, 39176
CTCC, 41355
CTCT, 39962
CTCG, 38495
CTTA, 38327
CTTC, 36024
CTTT, 37013
CTTG, 39529
CTGA, 36964
CTGC, 39936
CTGT, 39628
CTGG, 37004
CGAA, 36316
CGAC, 37035
CGAT, 39394
CGAG, 38089
CGCA, 39777
CGCC, 39464
CGCT, 37159
CGCG, 37090
CGTA, 39287
CGTC, 39998
CGTT, 41197
CGTG, 41041
CGGA, 41690
CGGC, 39552
CGGT, 38563
CGGG, 39368
TAAA, 39373
TAAC, 41694
TAAT, 39566
TAAG, 38577
TACA, 38084
TACC, 36324
TACT, 37067
TACG, 39397
TATA, 37088
TATC, 39791
TATT, 39480
TATG, 37146
TAGA, 41070
TAGC, 39313
TAGT, 39972
TAGG, 41196
TCAA, 39586
TCAC, 39547
TCAT, 37037
TCAG, 37208
TCCA, 39173
TCCC, 39977
TCCT, 41021
TCCG, 41327
TCTA, 41359
TCTC, 39720
TCTT, 38561
TCTG, 39371
TCGA, 36204
TCGC, 36928
TCGT, 39298
TCGG, 38474
TTAA, 39953
TTAC, 38441
TTAT, 39521
TTAG, 41063
TTCA, 37032
TTCC, 39349
TTCT, 38448
TTCG, 36077
TTTA, 39707
TTTC, 37154
TTTT, 37138
TTTG, 39484
TTGA, 40186
TTGC, 41019
TTGT, 41528
TTGG, 38990
TGAA, 37000
TGAC, 36972
TGAT, 39958
TGAG, 39631
TGCA, 41386
TGCC, 41276
TGCT, 39058
TGCG, 39992
TGTA, 38480
TGTC, 39170
TGTT, 41340
TGTG, 39930
TGGA, 39514
TGGC, 38298
TGGT, 36042
TGGG, 37003
GAAA, 36992
GAAC, 39529
GAAT, 38292
GAAG, 36060
GACA, 39647
GACC, 37006
GACT, 36972
GACG, 39930
GATA, 39976
GATC, 41360
GATT, 41298
GATG, 39058
GAGA, 39941
GAGC, 38484
GAGT, 39193
GAGG, 41353
GCAA, 41185
GCAC, 41030
GCAT, 39290
GCAG, 39964
GCCA, 38559
GCCC, 39357
GCCT, 41694
GCCG, 39548
GCTA, 39410
GCTC, 38082
GCTT, 36314
GCTG, 37049
GCGA, 37160
GCGC, 37083
GCGT, 39805
GCGG, 39476
GTAA, 38503
GTAC, 36185
GTAT, 36922
GTAG, 39294
GTCA, 37196
GTCC, 39592
GTCT, 39556
GTCG, 37053
GTTA, 41379
GTTC, 39162
GTTT, 39969
GTTG, 41005
GTGA, 39377
GTGC, 41349
GTGT, 39711
GTGG, 38561
GGAA, 38982
GGAC, 40189
GGAT, 40986
GGAG, 41527
GGCA, 41039
GGCC, 39937
GGCT, 38419
GGCG, 39514
GGTA, 36079
GGTC, 37041
GGTT, 39371
GGTG, 38468
GGGA, 39468
GGGC, 39704
GGGT, 37178
GGGG, 37157
